ID,Title,Content
207,"Event 1",
209,"Event 2",
3119,"New Year's Day",
3120,"Law Enforcement Appreciation Day",
3121,"Human Trafficking Awareness Day",
3122,"Martin Luther King Jr. Day",
3123,"Florida Day",
3124,"Florida School Crossing Guard Appreciation Day",
3125,"National Engineers Week",
3126,"Women in Construction Week",
3127,"Vehicle Safety Recalls Week",
3128,"Employee Appreciation Day",
3129,"National Surveyors Week",
3130,"St. Patrick’s Day",
3131,"FL Govt. Finance Professionals Week",
3132,"National Walking Day",
3133,"Administrative Professionals Week",
3134,"Work Zone Awareness Week",
3135,"Take Your Kid to Work Day",
3136,"Hurricane Preparedness Week",
3137,"National Space Day",
3138,"Public Service Recognition Week",
3139,"National Train Day",
3140,"FL 511 Day",
3141,"Memorial Day",
3142,"National Secure Your Load Day",
3143,"National Trails Day",
3144,"Right of Way Professionals Week",
3145,"Independence Day",
3146,"Operation Safe Driver Week",
3147,"Operation Southern Slow Down",
3148,"Stop on Red Week",
3149,"National Aviation Day",
3150,"Labor Day",
3151,"FL’s Drowsy Driving Prevention Week",
3152,"Truck Driver Appreciation Week",
3153,"IT Professionals Day",
3154,"Child Passenger Safety Week",
3155,"HR Professionals Day",
3156,"Seat Check Saturday",
3157,"Walk &amp; Roll to School Day",
3158,"White Cane Safety Day",
3159,"Teen Driver Safety Week",
3160,"School Bus Safety Week",
3161,"Buckle Up, Phones Down Day",
3162,Halloween,
3163,"Veterans Day",
3164,"Seatbelt Safety Day",
3165,Thanksgiving,
3166,"Older Driver Safety Awareness Week",
3167,"Holiday Season",
